Product code,Bureau of Meteorology station number,Year,Month,Mean maximum temperature (°C),Quality
IDCJAC0002,016001,1949,04,24.2,Y
IDCJAC0002,016001,1949,05,18.3,Y
IDCJAC0002,016001,1949,06,15.5,Y
IDCJAC0002,016001,1949,07,17.4,Y
IDCJAC0002,016001,1949,08,19.9,Y
IDCJAC0002,016001,1949,09,20.9,Y
IDCJAC0002,016001,1949,10,24.4,Y
IDCJAC0002,016001,1949,11,27.4,Y
IDCJAC0002,016001,1949,12,33.4,Y
IDCJAC0002,016001,1950,01,33.6,Y
IDCJAC0002,016001,1950,02,31.4,Y
IDCJAC0002,016001,1950,03,28.7,Y
IDCJAC0002,016001,1950,04,26.2,Y
IDCJAC0002,016001,1950,05,21.3,Y
IDCJAC0002,016001,1950,06,15.9,Y
IDCJAC0002,016001,1950,07,16.6,Y
IDCJAC0002,016001,1950,08,19.6,Y
IDCJAC0002,016001,1950,09,23.7,Y
IDCJAC0002,016001,1950,10,25.3,Y
IDCJAC0002,016001,1950,11,29.2,Y
IDCJAC0002,016001,1950,12,33.3,Y
IDCJAC0002,016001,1951,01,36.3,Y
IDCJAC0002,016001,1951,02,35.6,Y
IDCJAC0002,016001,1951,03,32.8,Y
IDCJAC0002,016001,1951,04,22.9,Y
IDCJAC0002,016001,1951,05,20.3,Y
IDCJAC0002,016001,1951,06,16.2,Y
IDCJAC0002,016001,1951,07,16.8,Y
IDCJAC0002,016001,1951,08,16.8,Y
IDCJAC0002,016001,1951,09,24.0,Y
IDCJAC0002,016001,1951,10,26.4,Y
IDCJAC0002,016001,1951,11,30.7,Y
IDCJAC0002,016001,1951,12,34.4,Y
IDCJAC0002,016001,1952,01,35.0,Y
IDCJAC0002,016001,1952,02,32.0,Y
IDCJAC0002,016001,1952,03,31.4,Y
IDCJAC0002,016001,1952,04,22.7,Y
IDCJAC0002,016001,1952,05,19.1,Y
IDCJAC0002,016001,1952,06,18.3,Y
IDCJAC0002,016001,1952,07,15.2,Y
IDCJAC0002,016001,1952,08,17.7,Y
IDCJAC0002,016001,1952,09,23.4,Y
IDCJAC0002,016001,1952,10,23.8,Y
IDCJAC0002,016001,1952,11,27.0,Y
IDCJAC0002,016001,1952,12,32.1,Y
IDCJAC0002,016001,1953,01,33.8,Y
IDCJAC0002,016001,1953,02,31.6,Y
IDCJAC0002,016001,1953,03,33.3,Y
IDCJAC0002,016001,1953,04,26.6,Y
IDCJAC0002,016001,1953,05,21.0,Y
IDCJAC0002,016001,1953,06,17.6,Y
IDCJAC0002,016001,1953,07,17.7,Y
IDCJAC0002,016001,1953,08,17.2,Y
IDCJAC0002,016001,1953,09,23.0,Y
IDCJAC0002,016001,1953,10,25.9,Y
IDCJAC0002,016001,1953,11,28.8,Y
IDCJAC0002,016001,1953,12,33.0,Y
IDCJAC0002,016001,1954,01,33.3,Y
IDCJAC0002,016001,1954,02,30.6,Y
IDCJAC0002,016001,1954,03,30.6,Y
IDCJAC0002,016001,1954,04,24.7,Y
IDCJAC0002,016001,1954,05,20.0,Y
IDCJAC0002,016001,1954,06,16.0,Y
IDCJAC0002,016001,1954,07,17.0,Y
IDCJAC0002,016001,1954,08,19.4,Y
IDCJAC0002,016001,1954,09,22.0,Y
IDCJAC0002,016001,1954,10,25.3,Y
IDCJAC0002,016001,1954,11,29.5,Y
IDCJAC0002,016001,1954,12,33.2,Y
IDCJAC0002,016001,1955,01,34.4,Y
IDCJAC0002,016001,1955,02,34.0,Y
IDCJAC0002,016001,1955,03,28.1,Y
IDCJAC0002,016001,1955,04,23.6,Y
IDCJAC0002,016001,1955,05,18.1,Y
IDCJAC0002,016001,1955,06,16.6,Y
IDCJAC0002,016001,1955,07,14.9,Y
IDCJAC0002,016001,1955,08,18.7,Y
IDCJAC0002,016001,1955,09,22.8,Y
IDCJAC0002,016001,1955,10,25.6,Y
IDCJAC0002,016001,1955,11,26.7,Y
IDCJAC0002,016001,1955,12,30.1,Y
IDCJAC0002,016001,1956,01,32.8,Y
IDCJAC0002,016001,1956,02,34.8,Y
IDCJAC0002,016001,1956,03,29.2,Y
IDCJAC0002,016001,1956,04,24.1,Y
IDCJAC0002,016001,1956,05,20.1,Y
IDCJAC0002,016001,1956,06,15.2,Y
IDCJAC0002,016001,1956,07,15.8,Y
IDCJAC0002,016001,1956,08,16.4,Y
IDCJAC0002,016001,1956,09,19.8,Y
IDCJAC0002,016001,1956,10,23.0,Y
IDCJAC0002,016001,1956,11,28.0,Y
IDCJAC0002,016001,1956,12,30.9,Y
IDCJAC0002,016001,1957,01,35.4,Y
IDCJAC0002,016001,1957,02,33.3,Y
IDCJAC0002,016001,1957,03,29.6,Y
IDCJAC0002,016001,1957,04,25.3,Y
IDCJAC0002,016001,1957,05,21.7,Y
IDCJAC0002,016001,1957,06,21.5,Y
IDCJAC0002,016001,1957,07,14.7,Y
IDCJAC0002,016001,1957,08,18.5,Y
IDCJAC0002,016001,1957,09,22.4,Y
IDCJAC0002,016001,1957,10,26.8,Y
IDCJAC0002,016001,1957,11,30.6,Y
IDCJAC0002,016001,1957,12,33.3,Y
IDCJAC0002,016001,1958,01,32.7,Y
IDCJAC0002,016001,1958,02,32.7,Y
IDCJAC0002,016001,1958,03,27.3,Y
IDCJAC0002,016001,1958,04,26.2,Y
IDCJAC0002,016001,1958,05,21.7,Y
IDCJAC0002,016001,1958,06,16.9,Y
IDCJAC0002,016001,1958,07,16.7,Y
IDCJAC0002,016001,1958,08,16.8,Y
IDCJAC0002,016001,1958,09,18.6,Y
IDCJAC0002,016001,1958,10,23.9,Y
IDCJAC0002,016001,1958,11,29.6,Y
IDCJAC0002,016001,1958,12,29.6,Y
IDCJAC0002,016001,1959,01,35.8,Y
IDCJAC0002,016001,1959,02,32.5,Y
IDCJAC0002,016001,1959,03,30.2,Y
IDCJAC0002,016001,1959,04,26.2,Y
IDCJAC0002,016001,1959,05,20.9,Y
IDCJAC0002,016001,1959,06,17.9,Y
IDCJAC0002,016001,1959,07,16.3,Y
IDCJAC0002,016001,1959,08,20.4,Y
IDCJAC0002,016001,1959,09,22.9,Y
IDCJAC0002,016001,1959,10,26.5,Y
IDCJAC0002,016001,1959,11,32.2,Y
IDCJAC0002,016001,1959,12,28.6,Y
IDCJAC0002,016001,1960,01,36.3,Y
IDCJAC0002,016001,1960,02,31.7,Y
IDCJAC0002,016001,1960,03,31.2,Y
IDCJAC0002,016001,1960,04,23.2,Y
IDCJAC0002,016001,1960,05,17.2,Y
IDCJAC0002,016001,1960,06,16.1,Y
IDCJAC0002,016001,1960,07,16.1,Y
IDCJAC0002,016001,1960,08,17.0,Y
IDCJAC0002,016001,1960,09,19.6,Y
IDCJAC0002,016001,1960,10,26.2,Y
IDCJAC0002,016001,1960,11,27.0,Y
IDCJAC0002,016001,1960,12,32.5,Y
IDCJAC0002,016001,1961,01,35.3,Y
IDCJAC0002,016001,1961,02,32.9,Y
IDCJAC0002,016001,1961,03,31.4,Y
IDCJAC0002,016001,1961,04,25.6,Y
IDCJAC0002,016001,1961,05,21.0,Y
IDCJAC0002,016001,1961,06,18.0,Y
IDCJAC0002,016001,1961,07,16.1,Y
IDCJAC0002,016001,1961,08,18.3,Y
IDCJAC0002,016001,1961,09,24.0,Y
IDCJAC0002,016001,1961,10,28.0,Y
IDCJAC0002,016001,1961,11,28.0,Y
IDCJAC0002,016001,1961,12,31.9,Y
IDCJAC0002,016001,1962,01,33.6,Y
IDCJAC0002,016001,1962,02,32.4,Y
IDCJAC0002,016001,1962,03,29.7,Y
IDCJAC0002,016001,1962,04,25.7,Y
IDCJAC0002,016001,1962,05,18.8,Y
IDCJAC0002,016001,1962,06,19.9,Y
IDCJAC0002,016001,1962,07,17.4,Y
IDCJAC0002,016001,1962,08,18.2,Y
IDCJAC0002,016001,1962,09,22.1,Y
IDCJAC0002,016001,1962,10,24.7,Y
IDCJAC0002,016001,1962,11,32.2,Y
IDCJAC0002,016001,1962,12,30.8,Y
IDCJAC0002,016001,1963,01,33.4,Y
IDCJAC0002,016001,1963,02,35.7,Y
IDCJAC0002,016001,1963,03,30.1,Y
IDCJAC0002,016001,1963,04,24.2,Y
IDCJAC0002,016001,1963,05,18.2,Y
IDCJAC0002,016001,1963,06,15.9,Y
IDCJAC0002,016001,1963,07,15.5,Y
IDCJAC0002,016001,1963,08,18.8,Y
IDCJAC0002,016001,1963,09,23.2,Y
IDCJAC0002,016001,1963,10,27.3,Y
IDCJAC0002,016001,1963,11,30.4,Y
IDCJAC0002,016001,1963,12,32.4,Y
IDCJAC0002,016001,1964,01,33.2,Y
IDCJAC0002,016001,1964,02,30.6,Y
IDCJAC0002,016001,1964,03,31.1,Y
IDCJAC0002,016001,1964,04,25.5,Y
IDCJAC0002,016001,1964,05,20.3,Y
IDCJAC0002,016001,1964,06,18.8,Y
IDCJAC0002,016001,1964,07,18.0,Y
IDCJAC0002,016001,1964,08,19.2,Y
IDCJAC0002,016001,1964,09,21.2,Y
IDCJAC0002,016001,1964,10,23.4,Y
IDCJAC0002,016001,1964,11,29.5,Y
IDCJAC0002,016001,1964,12,29.2,Y
IDCJAC0002,016001,1965,01,33.6,Y
IDCJAC0002,016001,1965,02,35.9,Y
IDCJAC0002,016001,1965,03,31.5,Y
IDCJAC0002,016001,1965,04,24.0,Y
IDCJAC0002,016001,1965,05,21.1,Y
IDCJAC0002,016001,1965,06,18.0,Y
IDCJAC0002,016001,1965,07,16.8,Y
IDCJAC0002,016001,1965,08,18.2,Y
IDCJAC0002,016001,1965,09,23.0,Y
IDCJAC0002,016001,1965,10,28.7,Y
IDCJAC0002,016001,1965,11,30.8,Y
IDCJAC0002,016001,1965,12,34.8,Y
IDCJAC0002,016001,1966,01,34.6,Y
IDCJAC0002,016001,1966,02,32.5,Y
IDCJAC0002,016001,1966,03,29.8,Y
IDCJAC0002,016001,1966,04,24.8,Y
IDCJAC0002,016001,1966,05,19.5,Y
IDCJAC0002,016001,1966,06,18.0,Y
IDCJAC0002,016001,1966,07,16.2,Y
IDCJAC0002,016001,1966,08,17.1,Y
IDCJAC0002,016001,1966,09,20.7,Y
IDCJAC0002,016001,1966,10,24.6,Y
IDCJAC0002,016001,1966,11,30.4,Y
IDCJAC0002,016001,1966,12,29.9,Y
IDCJAC0002,016001,1967,01,32.9,Y
IDCJAC0002,016001,1967,02,33.4,Y
IDCJAC0002,016001,1967,03,29.1,Y
IDCJAC0002,016001,1967,04,28.2,Y
IDCJAC0002,016001,1967,05,21.6,Y
IDCJAC0002,016001,1967,06,18.3,Y
IDCJAC0002,016001,1967,07,16.9,Y
IDCJAC0002,016001,1967,08,18.1,Y
IDCJAC0002,016001,1967,09,22.6,Y
IDCJAC0002,016001,1967,10,29.0,Y
IDCJAC0002,016001,1967,11,29.6,Y
IDCJAC0002,016001,1967,12,31.3,Y
IDCJAC0002,016001,1968,01,34.2,Y
IDCJAC0002,016001,1968,02,34.4,Y
IDCJAC0002,016001,1968,03,31.2,Y
IDCJAC0002,016001,1968,04,26.7,Y
IDCJAC0002,016001,1968,05,17.5,Y
IDCJAC0002,016001,1968,06,16.3,Y
IDCJAC0002,016001,1968,07,14.9,Y
IDCJAC0002,016001,1968,08,17.0,Y
IDCJAC0002,016001,1968,09,21.2,Y
IDCJAC0002,016001,1968,10,27.9,Y
IDCJAC0002,016001,1968,11,28.0,Y
IDCJAC0002,016001,1968,12,31.9,Y
IDCJAC0002,016001,1969,01,35.9,Y
IDCJAC0002,016001,1969,02,31.9,Y
IDCJAC0002,016001,1969,03,28.3,Y
IDCJAC0002,016001,1969,04,25.8,Y
IDCJAC0002,016001,1969,05,19.3,Y
IDCJAC0002,016001,1969,06,16.8,Y
IDCJAC0002,016001,1969,07,17.4,Y
IDCJAC0002,016001,1969,08,19.7,Y
IDCJAC0002,016001,1969,09,19.2,Y
IDCJAC0002,016001,1969,10,28.2,Y
IDCJAC0002,016001,1969,11,29.0,Y
IDCJAC0002,016001,1969,12,30.6,Y
IDCJAC0002,016001,1970,01,32.2,Y
IDCJAC0002,016001,1970,02,35.7,Y
IDCJAC0002,016001,1970,03,29.3,Y
IDCJAC0002,016001,1970,04,25.9,Y
IDCJAC0002,016001,1970,05,19.6,Y
IDCJAC0002,016001,1970,06,19.0,Y
IDCJAC0002,016001,1970,07,17.5,Y
IDCJAC0002,016001,1970,08,17.5,Y
IDCJAC0002,016001,1970,09,19.8,Y
IDCJAC0002,016001,1970,10,26.8,Y
IDCJAC0002,016001,1970,11,28.7,Y
IDCJAC0002,016001,1970,12,31.8,Y
IDCJAC0002,016001,1971,01,34.0,Y
IDCJAC0002,016001,1971,02,34.0,Y
IDCJAC0002,016001,1971,03,31.5,Y
IDCJAC0002,016001,1971,04,26.1,Y
IDCJAC0002,016001,1971,05,20.1,Y
IDCJAC0002,016001,1971,06,16.2,Y
IDCJAC0002,016001,1971,07,16.0,Y
IDCJAC0002,016001,1971,08,17.6,Y
IDCJAC0002,016001,1971,09,22.0,Y
IDCJAC0002,016001,1971,10,26.4,Y
IDCJAC0002,016001,1971,11,26.6,Y
IDCJAC0002,016001,1971,12,30.7,Y
IDCJAC0002,016001,1972,01,31.3,Y
IDCJAC0002,016001,1972,02,32.3,Y
IDCJAC0002,016001,1972,03,30.2,Y
IDCJAC0002,016001,1972,04,26.2,Y
IDCJAC0002,016001,1972,05,21.8,Y
IDCJAC0002,016001,1972,06,18.4,Y
IDCJAC0002,016001,1972,07,17.2,Y
IDCJAC0002,016001,1972,08,19.0,Y
IDCJAC0002,016001,1972,09,24.0,Y
IDCJAC0002,016001,1972,10,26.9,Y
IDCJAC0002,016001,1972,11,29.7,Y
IDCJAC0002,016001,1972,12,35.0,Y
IDCJAC0002,016001,1973,01,35.6,Y
IDCJAC0002,016001,1973,02,31.5,Y
IDCJAC0002,016001,1973,03,30.3,Y
IDCJAC0002,016001,1973,04,26.3,Y
IDCJAC0002,016001,1973,05,22.8,Y
IDCJAC0002,016001,1973,06,15.1,Y
IDCJAC0002,016001,1973,07,17.5,Y
IDCJAC0002,016001,1973,08,18.0,Y
IDCJAC0002,016001,1973,09,22.4,Y
IDCJAC0002,016001,1973,10,25.4,Y
IDCJAC0002,016001,1973,11,28.9,Y
IDCJAC0002,016001,1973,12,32.1,Y
IDCJAC0002,016001,1974,01,34.0,Y
IDCJAC0002,016001,1974,02,29.7,Y
IDCJAC0002,016001,1974,03,31.9,Y
IDCJAC0002,016001,1974,04,22.7,Y
IDCJAC0002,016001,1974,05,18.8,Y
IDCJAC0002,016001,1974,06,17.3,Y
IDCJAC0002,016001,1974,07,17.3,Y
IDCJAC0002,016001,1974,08,19.0,Y
IDCJAC0002,016001,1974,09,20.0,Y
IDCJAC0002,016001,1974,10,23.7,Y
IDCJAC0002,016001,1974,11,28.8,Y
IDCJAC0002,016001,1974,12,31.5,Y
IDCJAC0002,016001,1975,01,32.8,Y
IDCJAC0002,016001,1975,02,34.1,Y
IDCJAC0002,016001,1975,03,28.9,Y
IDCJAC0002,016001,1975,04,25.9,Y
IDCJAC0002,016001,1975,05,22.7,Y
IDCJAC0002,016001,1975,06,17.7,Y
IDCJAC0002,016001,1975,07,19.9,Y
IDCJAC0002,016001,1975,08,18.0,Y
IDCJAC0002,016001,1975,09,22.6,Y
IDCJAC0002,016001,1975,10,22.9,Y
IDCJAC0002,016001,1975,11,31.3,Y
IDCJAC0002,016001,1975,12,33.5,Y
IDCJAC0002,016001,1976,01,31.6,Y
IDCJAC0002,016001,1976,02,33.3,Y
IDCJAC0002,016001,1976,03,31.1,Y
IDCJAC0002,016001,1976,04,25.4,Y
IDCJAC0002,016001,1976,05,20.1,Y
IDCJAC0002,016001,1976,06,17.2,Y
IDCJAC0002,016001,1976,07,17.9,Y
IDCJAC0002,016001,1976,08,19.3,Y
IDCJAC0002,016001,1976,09,21.7,Y
IDCJAC0002,016001,1976,10,22.6,Y
IDCJAC0002,016001,1976,11,27.8,Y
IDCJAC0002,016001,1976,12,33.5,Y
IDCJAC0002,016001,1977,01,34.7,Y
IDCJAC0002,016001,1977,02,35.9,Y
IDCJAC0002,016001,1977,03,29.8,Y
IDCJAC0002,016001,1977,04,24.9,Y
IDCJAC0002,016001,1977,05,20.4,Y
IDCJAC0002,016001,1977,06,16.7,Y
IDCJAC0002,016001,1977,07,17.6,Y
IDCJAC0002,016001,1977,08,23.4,Y
IDCJAC0002,016001,1977,09,22.9,Y
IDCJAC0002,016001,1977,10,28.6,Y
IDCJAC0002,016001,1977,11,30.7,Y
IDCJAC0002,016001,1977,12,33.7,Y
IDCJAC0002,016001,1978,01,32.8,Y
IDCJAC0002,016001,1978,02,35.0,Y
IDCJAC0002,016001,1978,03,30.4,Y
IDCJAC0002,016001,1978,04,25.6,Y
IDCJAC0002,016001,1978,05,21.1,Y
IDCJAC0002,016001,1978,06,16.8,Y
IDCJAC0002,016001,1978,07,15.9,Y
IDCJAC0002,016001,1978,08,16.6,Y
IDCJAC0002,016001,1978,09,19.9,Y
IDCJAC0002,016001,1978,10,25.8,Y
IDCJAC0002,016001,1978,11,28.0,Y
IDCJAC0002,016001,1978,12,31.6,Y
IDCJAC0002,016001,1979,01,39.4,Y
IDCJAC0002,016001,1979,02,34.0,Y
IDCJAC0002,016001,1979,03,31.6,Y
IDCJAC0002,016001,1979,04,23.9,Y
IDCJAC0002,016001,1979,05,18.0,Y
IDCJAC0002,016001,1979,06,18.2,Y
IDCJAC0002,016001,1979,07,17.4,Y
IDCJAC0002,016001,1979,08,17.4,Y
IDCJAC0002,016001,1979,09,20.9,Y
IDCJAC0002,016001,1979,10,25.5,Y
IDCJAC0002,016001,1979,11,31.4,Y
IDCJAC0002,016001,1979,12,33.4,Y
IDCJAC0002,016001,1980,01,33.0,Y
IDCJAC0002,016001,1980,02,33.8,Y
IDCJAC0002,016001,1980,03,31.8,Y
IDCJAC0002,016001,1980,04,27.3,Y
IDCJAC0002,016001,1980,05,21.7,Y
IDCJAC0002,016001,1980,06,17.1,Y
IDCJAC0002,016001,1980,07,16.8,Y
IDCJAC0002,016001,1980,08,20.6,Y
IDCJAC0002,016001,1980,09,26.1,Y
IDCJAC0002,016001,1980,10,26.7,Y
IDCJAC0002,016001,1980,11,32.5,Y
IDCJAC0002,016001,1980,12,34.1,Y
IDCJAC0002,016001,1981,01,36.7,Y
IDCJAC0002,016001,1981,02,34.8,Y
IDCJAC0002,016001,1981,03,27.6,Y
IDCJAC0002,016001,1981,04,29.1,Y
IDCJAC0002,016001,1981,05,20.1,Y
IDCJAC0002,016001,1981,06,16.8,Y
IDCJAC0002,016001,1981,07,16.8,Y
IDCJAC0002,016001,1981,08,18.6,Y
IDCJAC0002,016001,1981,09,25.4,Y
IDCJAC0002,016001,1981,10,27.3,Y
IDCJAC0002,016001,1981,11,28.7,Y
IDCJAC0002,016001,1981,12,32.6,Y
IDCJAC0002,016001,1982,01,35.3,Y
IDCJAC0002,016001,1982,02,33.4,Y
IDCJAC0002,016001,1982,03,29.8,Y
IDCJAC0002,016001,1982,04,25.7,Y
IDCJAC0002,016001,1982,05,21.1,Y
IDCJAC0002,016001,1982,06,16.2,Y
IDCJAC0002,016001,1982,07,16.1,Y
IDCJAC0002,016001,1982,08,23.1,Y
IDCJAC0002,016001,1982,09,22.0,Y
IDCJAC0002,016001,1982,10,26.3,Y
IDCJAC0002,016001,1982,11,33.1,Y
IDCJAC0002,016001,1982,12,33.6,Y
IDCJAC0002,016001,1983,01,33.6,Y
IDCJAC0002,016001,1983,02,35.9,Y
IDCJAC0002,016001,1983,03,31.6,Y
IDCJAC0002,016001,1983,04,22.8,Y
IDCJAC0002,016001,1983,05,21.4,Y
IDCJAC0002,016001,1983,06,18.2,Y
IDCJAC0002,016001,1983,07,15.8,Y
IDCJAC0002,016001,1983,08,19.4,Y
IDCJAC0002,016001,1983,09,24.2,Y
IDCJAC0002,016001,1983,10,27.2,Y
IDCJAC0002,016001,1983,11,29.8,Y
IDCJAC0002,016001,1983,12,33.4,Y
IDCJAC0002,016001,1984,01,32.0,Y
IDCJAC0002,016001,1984,02,34.7,Y
IDCJAC0002,016001,1984,03,29.6,Y
IDCJAC0002,016001,1984,04,24.6,Y
IDCJAC0002,016001,1984,05,21.2,Y
IDCJAC0002,016001,1984,06,17.2,Y
IDCJAC0002,016001,1984,07,15.5,Y
IDCJAC0002,016001,1984,08,19.0,Y
IDCJAC0002,016001,1984,09,19.2,Y
IDCJAC0002,016001,1984,10,26.2,Y
IDCJAC0002,016001,1984,11,28.8,Y
IDCJAC0002,016001,1984,12,32.5,Y
IDCJAC0002,016001,1985,01,34.8,Y
IDCJAC0002,016001,1985,02,34.1,Y
IDCJAC0002,016001,1985,03,31.9,Y
IDCJAC0002,016001,1985,04,25.5,Y
IDCJAC0002,016001,1985,05,20.8,Y
IDCJAC0002,016001,1985,06,17.3,Y
IDCJAC0002,016001,1985,07,17.3,Y
IDCJAC0002,016001,1985,08,18.0,Y
IDCJAC0002,016001,1985,09,20.7,Y
IDCJAC0002,016001,1985,10,25.2,Y
IDCJAC0002,016001,1985,11,29.5,Y
IDCJAC0002,016001,1985,12,30.5,Y
IDCJAC0002,016001,1986,01,34.0,Y
IDCJAC0002,016001,1986,02,33.3,Y
IDCJAC0002,016001,1986,03,34.0,Y
IDCJAC0002,016001,1986,04,25.5,Y
IDCJAC0002,016001,1986,05,21.1,Y
IDCJAC0002,016001,1986,06,16.9,Y
IDCJAC0002,016001,1986,07,14.8,Y
IDCJAC0002,016001,1986,08,17.3,Y
IDCJAC0002,016001,1986,09,22.0,Y
IDCJAC0002,016001,1986,10,23.3,Y
IDCJAC0002,016001,1986,11,29.8,Y
IDCJAC0002,016001,1986,12,31.1,Y
IDCJAC0002,016001,1987,01,33.1,Y
IDCJAC0002,016001,1987,02,32.3,Y
IDCJAC0002,016001,1987,03,27.6,Y
IDCJAC0002,016001,1987,04,26.3,Y
IDCJAC0002,016001,1987,05,19.8,Y
IDCJAC0002,016001,1987,06,17.8,Y
IDCJAC0002,016001,1987,07,17.3,Y
IDCJAC0002,016001,1987,08,18.2,Y
IDCJAC0002,016001,1987,09,23.2,Y
IDCJAC0002,016001,1987,10,26.8,Y
IDCJAC0002,016001,1987,11,30.3,Y
IDCJAC0002,016001,1987,12,32.6,Y
IDCJAC0002,016001,1988,01,35.8,Y
IDCJAC0002,016001,1988,02,32.2,Y
IDCJAC0002,016001,1988,03,30.7,Y
IDCJAC0002,016001,1988,04,25.6,Y
IDCJAC0002,016001,1988,05,21.1,Y
IDCJAC0002,016001,1988,06,17.8,Y
IDCJAC0002,016001,1988,07,17.7,Y
IDCJAC0002,016001,1988,08,19.6,Y
IDCJAC0002,016001,1988,09,24.0,Y
IDCJAC0002,016001,1988,10,29.4,Y
IDCJAC0002,016001,1988,11,27.5,Y
IDCJAC0002,016001,1988,12,32.1,Y
IDCJAC0002,016001,1989,01,32.9,Y
IDCJAC0002,016001,1989,02,34.8,Y
IDCJAC0002,016001,1989,03,28.4,Y
IDCJAC0002,016001,1989,04,23.9,Y
IDCJAC0002,016001,1989,05,18.7,Y
IDCJAC0002,016001,1989,06,14.3,Y
IDCJAC0002,016001,1989,07,15.2,Y
IDCJAC0002,016001,1989,08,16.7,Y
IDCJAC0002,016001,1989,09,22.8,Y
IDCJAC0002,016001,1989,10,26.1,Y
IDCJAC0002,016001,1989,11,29.4,Y
IDCJAC0002,016001,1989,12,33.5,Y
IDCJAC0002,016001,1990,01,34.6,Y
IDCJAC0002,016001,1990,02,31.2,Y
IDCJAC0002,016001,1990,03,32.4,Y
IDCJAC0002,016001,1990,04,25.3,Y
IDCJAC0002,016001,1990,05,22.1,Y
IDCJAC0002,016001,1990,06,16.9,Y
IDCJAC0002,016001,1990,07,17.2,Y
IDCJAC0002,016001,1990,08,18.0,Y
IDCJAC0002,016001,1990,09,23.9,Y
IDCJAC0002,016001,1990,10,27.5,Y
IDCJAC0002,016001,1990,11,32.3,Y
IDCJAC0002,016001,1990,12,33.1,Y
IDCJAC0002,016001,1991,01,35.8,Y
IDCJAC0002,016001,1991,02,37.3,Y
IDCJAC0002,016001,1991,03,30.4,Y
IDCJAC0002,016001,1991,04,26.6,Y
IDCJAC0002,016001,1991,05,21.0,Y
IDCJAC0002,016001,1991,06,19.0,Y
IDCJAC0002,016001,1991,07,18.1,Y
IDCJAC0002,016001,1991,08,19.1,Y
IDCJAC0002,016001,1991,09,24.6,Y
IDCJAC0002,016001,1991,10,29.0,Y
IDCJAC0002,016001,1991,11,30.1,Y
IDCJAC0002,016001,1991,12,31.5,Y
IDCJAC0002,016001,1992,01,31.4,Y
IDCJAC0002,016001,1992,02,33.5,Y
IDCJAC0002,016001,1992,03,31.4,Y
IDCJAC0002,016001,1992,04,25.7,Y
IDCJAC0002,016001,1992,05,19.8,Y
IDCJAC0002,016001,1992,06,17.4,Y
IDCJAC0002,016001,1992,07,18.8,Y
IDCJAC0002,016001,1992,08,18.5,Y
IDCJAC0002,016001,1992,09,20.0,Y
IDCJAC0002,016001,1992,10,23.6,Y
IDCJAC0002,016001,1992,11,26.8,Y
IDCJAC0002,016001,1992,12,28.5,Y
IDCJAC0002,016001,1993,01,34.1,Y
IDCJAC0002,016001,1993,02,33.6,Y
IDCJAC0002,016001,1993,03,30.6,Y
IDCJAC0002,016001,1993,04,27.9,Y
IDCJAC0002,016001,1993,05,21.3,Y
IDCJAC0002,016001,1993,06,16.9,Y
IDCJAC0002,016001,1993,07,17.5,Y
IDCJAC0002,016001,1993,08,21.2,Y
IDCJAC0002,016001,1993,09,22.7,Y
IDCJAC0002,016001,1993,10,24.5,Y
IDCJAC0002,016001,1993,11,32.3,Y
IDCJAC0002,016001,1993,12,30.7,Y
IDCJAC0002,016001,1994,01,33.8,Y
IDCJAC0002,016001,1994,02,32.9,Y
IDCJAC0002,016001,1994,03,30.9,Y
IDCJAC0002,016001,1994,04,26.3,Y
IDCJAC0002,016001,1994,05,22.7,Y
IDCJAC0002,016001,1994,06,18.2,Y
IDCJAC0002,016001,1994,07,18.6,Y
IDCJAC0002,016001,1994,08,19.1,Y
IDCJAC0002,016001,1994,09,22.9,Y
IDCJAC0002,016001,1994,10,28.2,Y
IDCJAC0002,016001,1994,11,29.7,Y
IDCJAC0002,016001,1994,12,35.3,Y
IDCJAC0002,016001,1995,01,34.6,Y
IDCJAC0002,016001,1995,02,34.2,Y
IDCJAC0002,016001,1995,03,29.0,Y
IDCJAC0002,016001,1995,04,23.3,Y
IDCJAC0002,016001,1995,05,19.7,Y
IDCJAC0002,016001,1995,06,17.4,Y
IDCJAC0002,016001,1995,07,16.2,Y
IDCJAC0002,016001,1995,08,21.0,Y
IDCJAC0002,016001,1995,09,22.7,Y
IDCJAC0002,016001,1995,10,26.7,Y
IDCJAC0002,016001,1995,11,30.1,Y
IDCJAC0002,016001,1995,12,31.8,Y
IDCJAC0002,016001,1996,01,33.7,Y
IDCJAC0002,016001,1996,02,33.7,Y
IDCJAC0002,016001,1996,03,31.8,Y
IDCJAC0002,016001,1996,04,24.5,Y
IDCJAC0002,016001,1996,05,21.4,Y
IDCJAC0002,016001,1996,06,18.7,Y
IDCJAC0002,016001,1996,07,17.2,Y
IDCJAC0002,016001,1996,08,18.8,Y
IDCJAC0002,016001,1996,09,23.0,Y
IDCJAC0002,016001,1996,10,26.9,Y
IDCJAC0002,016001,1996,11,29.5,Y
IDCJAC0002,016001,1996,12,32.9,Y
IDCJAC0002,016001,1997,01,34.7,Y
IDCJAC0002,016001,1997,02,36.4,Y
IDCJAC0002,016001,1997,03,28.2,Y
IDCJAC0002,016001,1997,04,27.0,Y
IDCJAC0002,016001,1997,05,20.3,Y
IDCJAC0002,016001,1997,06,17.2,Y
IDCJAC0002,016001,1997,07,16.1,Y
IDCJAC0002,016001,1997,08,17.5,Y
IDCJAC0002,016001,1997,09,21.4,Y
IDCJAC0002,016001,1997,10,26.2,Y
IDCJAC0002,016001,1997,11,31.5,Y
IDCJAC0002,016001,1997,12,33.8,Y
IDCJAC0002,016001,1998,01,33.4,Y
IDCJAC0002,016001,1998,02,33.6,Y
IDCJAC0002,016001,1998,03,30.0,Y
IDCJAC0002,016001,1998,04,23.2,Y
IDCJAC0002,016001,1998,05,21.9,Y
IDCJAC0002,016001,1998,06,17.3,Y
IDCJAC0002,016001,1998,07,14.6,Y
IDCJAC0002,016001,1998,08,19.4,Y
IDCJAC0002,016001,1998,09,23.8,Y
IDCJAC0002,016001,1998,10,25.4,Y
IDCJAC0002,016001,1998,11,29.3,Y
IDCJAC0002,016001,1998,12,32.7,Y
IDCJAC0002,016001,1999,01,37.2,Y
IDCJAC0002,016001,1999,02,33.7,Y
IDCJAC0002,016001,1999,03,31.0,Y
IDCJAC0002,016001,1999,04,24.2,Y
IDCJAC0002,016001,1999,05,22.4,Y
IDCJAC0002,016001,1999,06,18.1,Y
IDCJAC0002,016001,1999,07,17.9,Y
IDCJAC0002,016001,1999,08,20.1,Y
IDCJAC0002,016001,1999,09,24.8,Y
IDCJAC0002,016001,1999,10,26.8,Y
IDCJAC0002,016001,1999,11,26.9,Y
IDCJAC0002,016001,1999,12,31.1,Y
IDCJAC0002,016001,2000,01,33.2,Y
IDCJAC0002,016001,2000,02,35.6,Y
IDCJAC0002,016001,2000,03,30.7,Y
IDCJAC0002,016001,2000,04,25.5,Y
IDCJAC0002,016001,2000,05,19.7,Y
IDCJAC0002,016001,2000,06,17.3,Y
IDCJAC0002,016001,2000,07,18.1,Y
IDCJAC0002,016001,2000,08,18.3,Y
IDCJAC0002,016001,2000,09,25.1,Y
IDCJAC0002,016001,2000,10,25.4,Y
IDCJAC0002,016001,2000,11,31.4,Y
IDCJAC0002,016001,2000,12,34.1,Y
IDCJAC0002,016001,2001,01,39.4,Y
IDCJAC0002,016001,2001,02,37.0,Y
IDCJAC0002,016001,2001,03,29.4,Y
IDCJAC0002,016001,2001,04,25.8,Y
IDCJAC0002,016001,2001,05,21.5,Y
IDCJAC0002,016001,2001,06,17.6,Y
IDCJAC0002,016001,2001,07,16.6,Y
IDCJAC0002,016001,2001,08,19.2,Y
IDCJAC0002,016001,2001,09,23.7,Y
IDCJAC0002,016001,2001,10,23.2,Y
IDCJAC0002,016001,2001,11,26.8,Y
IDCJAC0002,016001,2001,12,28.8,Y
IDCJAC0002,016001,2002,01,33.3,Y
IDCJAC0002,016001,2002,02,31.1,Y
IDCJAC0002,016001,2002,03,30.8,Y
IDCJAC0002,016001,2002,04,28.4,Y
IDCJAC0002,016001,2002,05,23.0,Y
IDCJAC0002,016001,2002,06,18.4,Y
IDCJAC0002,016001,2002,07,19.8,Y
IDCJAC0002,016001,2002,08,19.8,Y
IDCJAC0002,016001,2002,09,23.9,Y
IDCJAC0002,016001,2002,10,27.3,Y
IDCJAC0002,016001,2002,11,31.2,Y
IDCJAC0002,016001,2002,12,34.0,Y
IDCJAC0002,016001,2003,01,36.4,Y
IDCJAC0002,016001,2003,02,34.4,Y
IDCJAC0002,016001,2003,03,28.8,Y
IDCJAC0002,016001,2003,04,26.2,Y
IDCJAC0002,016001,2003,05,22.0,Y
IDCJAC0002,016001,2003,06,18.0,Y
IDCJAC0002,016001,2003,07,18.9,Y
IDCJAC0002,016001,2003,08,18.4,Y
IDCJAC0002,016001,2003,09,24.3,Y
IDCJAC0002,016001,2003,10,23.5,Y
IDCJAC0002,016001,2003,11,32.8,Y
IDCJAC0002,016001,2003,12,34.8,Y
IDCJAC0002,016001,2004,01,33.5,Y
IDCJAC0002,016001,2004,02,37.3,Y
IDCJAC0002,016001,2004,03,31.9,Y
IDCJAC0002,016001,2004,04,27.9,Y
IDCJAC0002,016001,2004,05,20.3,Y
IDCJAC0002,016001,2004,06,17.6,Y
IDCJAC0002,016001,2004,07,16.9,Y
IDCJAC0002,016001,2004,08,19.2,Y
IDCJAC0002,016001,2004,09,22.9,Y
IDCJAC0002,016001,2004,10,28.6,Y
IDCJAC0002,016001,2004,11,30.3,Y
IDCJAC0002,016001,2004,12,31.6,Y
IDCJAC0002,016001,2005,01,34.8,Y
IDCJAC0002,016001,2005,02,33.0,Y
IDCJAC0002,016001,2005,03,31.7,Y
IDCJAC0002,016001,2005,04,29.9,Y
IDCJAC0002,016001,2005,05,23.2,Y
IDCJAC0002,016001,2005,06,18.6,Y
IDCJAC0002,016001,2005,07,17.8,Y
IDCJAC0002,016001,2005,08,20.6,Y
IDCJAC0002,016001,2005,09,22.0,Y
IDCJAC0002,016001,2005,10,28.0,Y
IDCJAC0002,016001,2005,11,30.6,Y
IDCJAC0002,016001,2005,12,34.0,Y
IDCJAC0002,016001,2006,01,38.8,Y
IDCJAC0002,016001,2006,02,33.0,Y
IDCJAC0002,016001,2006,03,31.5,Y
IDCJAC0002,016001,2006,04,23.7,Y
IDCJAC0002,016001,2006,05,19.7,Y
IDCJAC0002,016001,2006,06,16.5,Y
IDCJAC0002,016001,2006,07,16.6,Y
IDCJAC0002,016001,2006,08,21.5,Y
IDCJAC0002,016001,2006,09,25.3,Y
IDCJAC0002,016001,2006,10,28.9,Y
IDCJAC0002,016001,2006,11,32.8,Y
IDCJAC0002,016001,2006,12,33.1,Y
IDCJAC0002,016001,2007,01,33.6,Y
IDCJAC0002,016001,2007,02,36.5,Y
IDCJAC0002,016001,2007,03,30.2,Y
IDCJAC0002,016001,2007,04,27.2,Y
IDCJAC0002,016001,2007,05,22.7,Y
IDCJAC0002,016001,2007,06,15.8,Y
IDCJAC0002,016001,2007,07,18.4,Y
IDCJAC0002,016001,2007,08,21.5,Y
IDCJAC0002,016001,2007,09,25.3,Y
IDCJAC0002,016001,2007,10,28.5,Y
IDCJAC0002,016001,2007,11,32.4,Y
IDCJAC0002,016001,2007,12,33.1,Y
IDCJAC0002,016001,2008,01,36.8,Y
IDCJAC0002,016001,2008,02,31.7,Y
IDCJAC0002,016001,2008,03,32.7,Y
IDCJAC0002,016001,2008,04,25.4,Y
IDCJAC0002,016001,2008,05,22.2,Y
IDCJAC0002,016001,2008,06,17.8,Y
IDCJAC0002,016001,2008,07,17.2,Y
IDCJAC0002,016001,2008,08,17.5,Y
IDCJAC0002,016001,2008,09,24.6,Y
IDCJAC0002,016001,2008,10,28.7,Y
IDCJAC0002,016001,2008,11,28.5,Y
IDCJAC0002,016001,2008,12,30.8,Y
IDCJAC0002,016001,2009,01,36.9,Y
IDCJAC0002,016001,2009,02,35.8,Y
IDCJAC0002,016001,2009,03,30.9,Y
IDCJAC0002,016001,2009,04,25.6,Y
IDCJAC0002,016001,2009,05,20.1,Y
IDCJAC0002,016001,2009,06,18.1,Y
IDCJAC0002,016001,2009,07,17.7,Y
IDCJAC0002,016001,2009,08,21.7,Y
IDCJAC0002,016001,2009,09,24.3,Y
IDCJAC0002,016001,2009,10,26.5,Y
IDCJAC0002,016001,2009,11,33.2,Y
IDCJAC0002,016001,2009,12,33.2,Y
IDCJAC0002,016001,2010,01,36.1,Y
IDCJAC0002,016001,2010,02,35.0,Y
IDCJAC0002,016001,2010,03,31.5,Y
IDCJAC0002,016001,2010,04,26.3,Y
IDCJAC0002,016001,2010,05,20.2,Y
IDCJAC0002,016001,2010,06,16.9,Y
IDCJAC0002,016001,2010,07,16.6,Y
IDCJAC0002,016001,2010,08,17.0,Y
IDCJAC0002,016001,2010,09,20.5,Y
IDCJAC0002,016001,2010,10,25.0,Y
IDCJAC0002,016001,2010,11,28.7,Y
IDCJAC0002,016001,2010,12,31.6,Y
IDCJAC0002,016001,2011,01,38.3,Y
IDCJAC0002,016001,2011,02,33.0,Y
IDCJAC0002,016001,2011,03,27.6,Y
IDCJAC0002,016001,2011,04,25.7,Y
IDCJAC0002,016001,2011,05,18.7,Y
IDCJAC0002,016001,2011,06,17.9,Y
IDCJAC0002,016001,2011,07,17.4,Y
IDCJAC0002,016001,2011,08,21.5,Y
IDCJAC0002,016001,2011,09,25.0,Y
IDCJAC0002,016001,2011,10,26.2,Y
IDCJAC0002,016001,2011,11,31.5,Y
IDCJAC0002,016001,2011,12,33.2,Y
IDCJAC0002,016001,2012,01,34.6,Y
IDCJAC0002,016001,2012,02,32.3,Y
IDCJAC0002,016001,2012,03,29.2,Y
IDCJAC0002,016001,2012,04,26.8,Y
IDCJAC0002,016001,2012,05,21.0,Y
IDCJAC0002,016001,2012,06,17.0,Y
IDCJAC0002,016001,2012,07,16.9,Y
IDCJAC0002,016001,2012,08,19.4,Y
IDCJAC0002,016001,2012,09,24.9,Y
IDCJAC0002,016001,2012,10,28.9,Y
IDCJAC0002,016001,2012,11,33.1,Y
IDCJAC0002,016001,2012,12,34.2,Y
IDCJAC0002,016001,2013,01,36.6,Y
IDCJAC0002,016001,2013,02,34.3,Y
IDCJAC0002,016001,2013,03,30.5,Y
IDCJAC0002,016001,2013,04,27.5,Y
IDCJAC0002,016001,2013,05,23.1,Y
IDCJAC0002,016001,2013,06,16.8,Y
IDCJAC0002,016001,2013,07,17.9,Y
IDCJAC0002,016001,2013,08,21.8,Y
IDCJAC0002,016001,2013,09,28.4,Y
IDCJAC0002,016001,2013,10,27.9,Y
IDCJAC0002,016001,2013,11,30.3,Y
IDCJAC0002,016001,2013,12,34.2,Y
IDCJAC0002,016001,2014,01,37.2,Y
IDCJAC0002,016001,2014,02,35.3,Y
IDCJAC0002,016001,2014,03,32.0,Y
IDCJAC0002,016001,2014,04,25.5,Y
IDCJAC0002,016001,2014,05,23.0,Y
IDCJAC0002,016001,2014,06,18.2,Y
IDCJAC0002,016001,2014,07,18.1,Y
IDCJAC0002,016001,2014,08,20.1,Y
IDCJAC0002,016001,2014,09,24.6,Y
IDCJAC0002,016001,2014,10,31.0,Y
IDCJAC0002,016001,2014,11,32.5,Y
IDCJAC0002,016001,2014,12,33.4,Y
IDCJAC0002,016001,2015,01,32.9,Y
IDCJAC0002,016001,2015,02,36.9,Y
IDCJAC0002,016001,2015,03,29.9,Y
IDCJAC0002,016001,2015,04,22.9,Y
IDCJAC0002,016001,2015,05,20.0,Y
IDCJAC0002,016001,2015,06,17.2,Y
IDCJAC0002,016001,2015,07,16.6,Y
IDCJAC0002,016001,2015,08,19.3,Y
IDCJAC0002,016001,2015,09,22.8,Y
IDCJAC0002,016001,2015,10,33.1,Y
IDCJAC0002,016001,2015,11,32.0,Y
IDCJAC0002,016001,2015,12,35.7,Y
IDCJAC0002,016001,2016,01,35.3,Y
IDCJAC0002,016001,2016,02,34.9,Y
IDCJAC0002,016001,2016,03,31.8,Y
IDCJAC0002,016001,2016,04,27.7,Y
IDCJAC0002,016001,2016,05,22.1,Y
IDCJAC0002,016001,2016,06,16.9,Y
IDCJAC0002,016001,2016,07,17.6,Y
IDCJAC0002,016001,2016,08,19.8,Y
IDCJAC0002,016001,2016,09,20.7,Y
IDCJAC0002,016001,2016,10,26.3,Y
IDCJAC0002,016001,2016,11,31.3,Y
IDCJAC0002,016001,2016,12,33.7,Y
IDCJAC0002,016001,2017,01,35.2,Y
IDCJAC0002,016001,2017,02,34.2,Y
IDCJAC0002,016001,2017,03,33.7,Y
IDCJAC0002,016001,2017,04,24.8,Y
IDCJAC0002,016001,2017,05,20.9,Y
IDCJAC0002,016001,2017,06,18.3,Y
IDCJAC0002,016001,2017,07,19.7,Y
IDCJAC0002,016001,2017,08,19.6,Y
IDCJAC0002,016001,2017,09,25.1,Y
IDCJAC0002,016001,2017,10,28.0,Y
IDCJAC0002,016001,2017,11,31.0,Y
IDCJAC0002,016001,2017,12,33.1,Y
IDCJAC0002,016001,2018,01,36.4,Y
IDCJAC0002,016001,2018,02,34.8,Y
IDCJAC0002,016001,2018,03,32.0,Y
IDCJAC0002,016001,2018,04,30.3,Y
IDCJAC0002,016001,2018,05,20.6,Y
IDCJAC0002,016001,2018,06,17.1,Y
IDCJAC0002,016001,2018,07,19.1,Y
IDCJAC0002,016001,2018,08,20.0,Y
IDCJAC0002,016001,2018,09,22.8,Y
IDCJAC0002,016001,2018,10,28.7,Y
IDCJAC0002,016001,2018,11,28.8,Y
IDCJAC0002,016001,2018,12,35.4,Y
IDCJAC0002,016001,2019,01,38.8,Y
IDCJAC0002,016001,2019,02,35.0,Y
IDCJAC0002,016001,2019,03,32.3,Y
IDCJAC0002,016001,2019,04,27.9,Y
IDCJAC0002,016001,2019,05,21.3,Y
IDCJAC0002,016001,2019,06,17.3,Y
IDCJAC0002,016001,2019,07,19.1,Y
IDCJAC0002,016001,2019,08,19.0,Y
IDCJAC0002,016001,2019,09,25.5,Y
IDCJAC0002,016001,2019,10,30.3,Y
IDCJAC0002,016001,2019,11,30.2,Y
IDCJAC0002,016001,2019,12,37.9,Y
IDCJAC0002,016001,2020,01,34.4,Y
IDCJAC0002,016001,2020,02,31.7,Y
IDCJAC0002,016001,2020,03,30.1,Y
IDCJAC0002,016001,2020,04,25.5,Y
IDCJAC0002,016001,2020,05,19.9,Y
IDCJAC0002,016001,2020,06,18.3,Y
IDCJAC0002,016001,2020,07,18.1,Y
IDCJAC0002,016001,2020,08,18.9,Y
IDCJAC0002,016001,2020,09,25.0,Y
IDCJAC0002,016001,2020,10,26.1,Y
IDCJAC0002,016001,2020,11,34.1,Y
IDCJAC0002,016001,2020,12,31.2,Y
IDCJAC0002,016001,2021,01,34.0,Y
IDCJAC0002,016001,2021,02,32.7,Y
IDCJAC0002,016001,2021,03,30.5,Y
IDCJAC0002,016001,2021,04,26.5,Y
IDCJAC0002,016001,2021,05,21.2,Y
IDCJAC0002,016001,2021,06,18.0,Y
IDCJAC0002,016001,2021,07,18.4,Y
IDCJAC0002,016001,2021,08,20.3,Y
IDCJAC0002,016001,2021,09,24.7,Y
IDCJAC0002,016001,2021,10,26.9,Y
IDCJAC0002,016001,2021,11,26.9,Y
IDCJAC0002,016001,2021,12,33.1,Y
IDCJAC0002,016001,2022,01,33.3,Y
IDCJAC0002,016001,2022,02,31.7,Y
IDCJAC0002,016001,2022,03,32.0,Y
IDCJAC0002,016001,2022,04,27.1,Y
IDCJAC0002,016001,2022,05,19.6,Y
IDCJAC0002,016001,2022,06,16.9,Y
IDCJAC0002,016001,2022,07,16.9,Y
IDCJAC0002,016001,2022,08,19.4,Y
IDCJAC0002,016001,2022,09,22.7,Y
IDCJAC0002,016001,2022,10,24.0,Y
IDCJAC0002,016001,2022,11,27.5,Y
IDCJAC0002,016001,2022,12,32.4,Y
IDCJAC0002,016001,2023,01,35.2,Y
IDCJAC0002,016001,2023,02,34.9,Y
IDCJAC0002,016001,2023,03,31.8,Y
IDCJAC0002,016001,2023,04,24.9,Y
IDCJAC0002,016001,2023,05,20.6,Y
IDCJAC0002,016001,2023,06,18.4,Y
IDCJAC0002,016001,2023,07,18.5,Y
IDCJAC0002,016001,2023,08,21.9,Y
IDCJAC0002,016001,2023,09,27.5,Y
IDCJAC0002,016001,2023,10,27.1,Y
IDCJAC0002,016001,2023,11,32.6,Y
IDCJAC0002,016001,2023,12,32.8,Y
IDCJAC0002,016001,2024,01,36.2,Y
IDCJAC0002,016001,2024,02,37.2,Y
IDCJAC0002,016001,2024,03,34.2,Y
IDCJAC0002,016001,2024,04,24.5,Y
IDCJAC0002,016001,2024,05,22.2,Y
IDCJAC0002,016001,2024,06,17.5,Y
IDCJAC0002,016001,2024,07,17.2,Y
IDCJAC0002,016001,2024,08,23.2,Y
IDCJAC0002,016001,2024,09,23.6,Y
IDCJAC0002,016001,2024,10,30.3,Y
IDCJAC0002,016001,2024,11,31.0,Y
IDCJAC0002,016001,2024,12,34.5,Y
IDCJAC0002,016001,2025,01,36.8,Y
IDCJAC0002,016001,2025,02,37.0,Y
IDCJAC0002,016001,2025,03,33.8,Y
IDCJAC0002,016001,2025,04,27.8,Y
IDCJAC0002,016001,2025,05,22.3,Y
IDCJAC0002,016001,2025,06,18.2,Y
IDCJAC0002,016001,2025,07,17.3,Y
IDCJAC0002,016001,2025,08,19.3,Y
IDCJAC0002,016001,2025,09,25.1,Y
IDCJAC0002,016001,2025,10,28.0,Y
IDCJAC0002,016001,2025,11,28.9,Y
IDCJAC0002,016001,2025,12,34.8,Y
IDCJAC0002,016001,2026,01,39.3,Y
IDCJAC0002,016001,2026,02,33.9,Y
